Name ,Phone,Email, Date of Birth,Personal Number
Nichole A. Pratt,055 4027 1236,Suspendisse.commodo@sedorci.org,08/22/1984,16940312_0273
Fitzgerald L. Lester,(016977) 7019,dolor.Fusce.mi@vestibulumnec.com,06/01/1976,16690621_3001
Tanisha Willis,(010156) 74304,a@inlobortistellus.ca,08/22/1985,16610409_7859
Lunea V. Alston,0845 46 46,in.aliquet@veliteusem.org,07/19/1969,16971028_4226
Garrett Vincent,056 1867 2416,dapibus.gravida.Aliquam@bibendumsedest.co.uk,10/01/1969,16320107_6662
Rana Williamson,0500 993183,Sed.congue@auctor.co.uk,04/15/1988,16720225_9383
Hoyt Tran,(01971) 982449,Nullam.vitae.diam@quisaccumsan.com,03/29/1991,16271106_2428
Damian Clemons,0863 718 5209,non.egestas.a@pharetra.com,12/12/1997,16810404_9468
Guinevere Y. Lee,(01506) 350198,In@id.org,09/15/1994,16001022_2495
Genevieve Morrison,0800 1111,non.hendrerit.id@accumsanconvallisante.com,11/22/1973,16051113_1674
Shannon M. Morton,07624 920691,orci.lobortis@lobortisnisinibh.co.uk,02/22/1996,16260503_8203
Bernard C. Dale,07624 413699,non.bibendum.sed@Maurisnon.net,04/23/1974,16091002_8208
Rhea Q. Fuentes,(01253) 67318,odio.a.purus@inconsequat.edu,10/02/1983,16181119_1350
Heather Crosby,(0118) 315 4090,molestie.tellus@Utnecurna.co.uk,10/20/1974,16200629_1187
Gillian House,07951 438208,arcu.eu.odio@tempusscelerisquelorem.edu,05/24/1994,16390617_4077
Blossom V. Sparks,0347 917 0775,eu.odio@volutpatnunc.edu,12/27/1989,16881030_8091
Rana Christensen,(0171) 425 8191,Mauris@varius.co.uk,10/19/1997,16260120_2209
Jakeem Wyatt,0800 161 3566,sem.egestas@Vestibulumante.ca,07/16/1981,16971125_7049
Andrew Mcintosh,(018281) 05563,at@facilisisfacilisis.net,12/28/1992,16160301_4273
Tanya O. Drake,055 2513 5783,libero.et.tristique@risusNuncac.edu,03/31/1980,16610828_0998
Samantha K. Pena,(01148) 63190,mauris@egestasblanditNam.ca,10/25/1969,16561001_4564
Kendall Z. Beck,(01948) 09787,mauris.sapien@gravidasitamet.com,08/15/1969,16350411_9110
Craig Z. Russell,055 1076 7035,nostra.per@enimNuncut.com,08/09/1978,16621221_5443
Imogene C. Chang,0845 46 45,bibendum@variusorciin.net,01/15/1975,16381119_9789
Quon Marsh,0890 043 4332,magna.Lorem@suscipit.net,10/29/1977,16381123_8488
Damon Baker,056 4187 0639,viverra.Maecenas@PhasellusnullaInteger.org,03/12/1976,16870926_7655
Branden Q. Herman,0953 186 8437,ante.Nunc@nibh.com,07/19/1989,16200905_8641
Isadora Monroe,070 1722 8313,magna.Praesent.interdum@ametconsectetuer.edu,12/16/1974,16980307_7370
Nigel U. Duffy,(01174) 56994,diam@turpisAliquamadipiscing.co.uk,12/09/1986,16060308_4047
Jacob Barr,(01835) 129643,ligula.Nullam.feugiat@diamDuismi.com,11/22/1978,16850612_0982
Juliet J. Odonnell,0800 937911,eget.magna@libero.net,12/30/1993,16020523_0543
Jessamine F. Horne,0500 000689,montes@dictumeleifendnunc.com,11/08/1977,16060501_9918
Nayda Perkins,0800 890 5550,commodo.at@feliseget.net,01/17/1989,16500403_0432
Shad B. Shannon,(0113) 601 6252,ut.lacus.Nulla@necenimNunc.com,12/30/1988,16510822_1929
Blaze Stein,(01049) 08491,nibh.Phasellus@nequetellusimperdiet.org,08/21/1986,16160601_0286
Maggie K. Sloan,(01731) 981542,egestas.a@faucibusid.co.uk,03/13/1971,16000711_4721
Bruno Duffy,(016977) 4313,in.aliquet@utipsum.com,10/04/1989,16200110_0326
Charity Guzman,0989 413 3280,sapien.cursus@malesuada.edu,02/05/1974,16950925_3408
Haley A. Brown,0800 700042,ut@pellentesqueSeddictum.edu,05/25/1978,16640621_2214
Zachary J. Ayers,(016977) 9959,malesuada.fames.ac@odio.edu,10/17/1988,16100914_1969
Elliott H. Reid,(017064) 22646,ipsum.non.arcu@Donec.org,04/30/1977,16291012_2395
Helen Q. Cooley,0924 913 9058,eu@non.ca,06/27/1982,16460211_8814
Jemima U. Pope,070 3446 8329,Proin.vel.arcu@necmetusfacilisis.ca,07/01/1985,16981029_5700
Dillon Stevenson,055 3835 2687,egestas.Fusce.aliquet@iaculis.net,09/01/1985,16970117_4931
Zephania Odom,07983 273241,cursus.Integer@egetipsum.org,01/14/1988,16991209_2773
Bethany M. Phillips,076 2607 1436,eu.nibh@ornareplaceratorci.ca,03/17/1969,16580822_9776
Gary Gardner,0500 696398,In.tincidunt@purusaccumsaninterdum.com,05/03/1985,16741111_2993
Clark M. England,0886 337 8392,diam.Duis.mi@Curabitur.org,09/20/1977,16921024_9067
Ignatius B. Guthrie,0954 277 9679,sed.est@purus.org,06/06/1977,16840104_9336
Jemima Dillard,056 1357 8255,elit.elit.fermentum@urnaVivamusmolestie.org,12/02/1980,16790904_2876
Hillary Rios,0852 986 6981,arcu@iaculislacuspede.net,12/15/1988,16660618_0245
Tana T. Knight,0900 665 8053,gravida.molestie.arcu@ipsumac.net,08/05/1992,16391218_5075
Aquila Heath,07064 338879,placerat.Cras.dictum@Cumsociisnatoque.net,05/19/1997,16700523_1019
Cain Callahan,07877 981093,neque.tellus@Nunclaoreet.com,03/29/1978,16120407_2910
Nelle X. Perez,(027) 3422 3864,vel.quam.dignissim@utnisia.co.uk,10/18/1997,16950530_8065
Shelby Lott,055 5651 9886,mattis@sed.org,12/09/1971,16431209_6490
Colin U. Merritt,0845 46 47,non.leo.Vivamus@atarcu.com,08/25/1976,16160828_5936
Austin X. Knowles,(01562) 25207,fermentum@sollicitudin.edu,08/16/1994,16751028_9247
Kermit Q. Douglas,(016977) 1919,dui.Fusce@nequetellusimperdiet.co.uk,10/02/1994,16460706_2876
Chase C. Mercer,0845 46 46,sit.amet.ornare@ligulaeuenim.net,02/07/1969,16411230_2437
Chester Hale,(016977) 4244,et.magnis.dis@Aliquam.org,03/20/1976,16581228_5582
Macey Q. Cook,(0161) 723 3432,in.faucibus@mollis.co.uk,05/23/1980,16590804_3887
Juliet Z. Mcmillan,07624 895018,morbi@fermentum.net,02/12/1992,16020818_8342
Emily T. Nielsen,(01302) 87321,sed.hendrerit.a@mattis.net,12/04/1980,16811206_8195
Chelsea W. Raymond,(015072) 37371,eu.eros@vehiculaetrutrum.net,09/02/1973,16800429_8157
Raven Reese,07624 172431,Maecenas@Aliquamnecenim.net,01/02/1988,16500704_6013
Olga B. Flowers,(016977) 7255,non.lobortis@vitaeposuereat.ca,12/30/1988,16900904_5296
Mikayla Simmons,055 2267 9957,ac.orci@eterosProin.com,10/15/1988,16320121_1640
Karly Z. Yang,070 7116 3981,ultricies.ornare@malesuada.ca,06/22/1971,16090909_5010
Calvin W. Buckley,0832 673 5199,vestibulum@ut.ca,01/14/1976,16170116_1745
Porter Bauer,055 2725 9877,vehicula.aliquet.libero@eleifendCras.net,08/22/1996,16350625_3057
Avye Q. Booth,07982 831651,diam@nislQuisque.edu,07/02/1995,16300403_6244
Irene Nguyen,070 5373 1232,risus@enimcommodo.com,06/07/1974,16480308_8626
Chester Huff,0500 302929,enim.non.nisi@Pellentesquehabitant.com,01/11/1979,16131122_9544
Allistair H. Berry,0392 568 1663,nec@tincidunt.ca,11/20/1997,16130912_3147
Quentin B. Pena,(015666) 85152,quam.quis@loremsitamet.net,03/25/1997,16850713_4040
Gretchen R. Singleton,070 9774 0134,hendrerit.Donec@pharetra.co.uk,01/03/1981,16571020_9858
Kiona Beach,(014730) 76305,quis.lectus@estac.co.uk,02/14/1979,16720904_1263
Jelani J. Kelley,(01980) 99511,Morbi.neque@augueporttitorinterdum.ca,08/14/1981,16720628_2357
Inga G. Sharpe,0800 065 0974,at.egestas@Integer.org,06/21/1984,16970426_9944
Karleigh D. Olson,0845 46 46,fringilla.purus.mauris@vitae.org,08/15/1987,16490916_1350
Shaeleigh Rodriquez,0800 248734,pede.Praesent@varius.ca,08/19/1977,16111003_1554
Alexis James,0845 46 44,id.magna@egestasadui.com,04/28/1975,16580519_3264
Gil C. Mejia,0800 002323,ultrices.posuere.cubilia@Quisquetincidunt.ca,08/22/1993,16520802_8885
Autumn M. Hurley,07746 324353,orci.luctus@risusQuisquelibero.org,04/15/1973,16710830_1958
Erin U. Baldwin,(016977) 3447,sollicitudin.adipiscing@nequeNullam.net,09/28/1978,16710828_8254
Cullen F. Alexander,(0161) 523 4470,arcu.Aliquam.ultrices@Sedpharetrafelis.net,06/21/1990,16720230_7497
Nathan Michael,(016977) 7763,eget@erat.org,06/16/1988,16510221_7311
Lionel Holt,055 6580 4383,diam.dictum@Inlorem.net,07/05/1983,16760126_3044
Donovan Perry,(010875) 14488,eleifend@adipiscing.ca,08/21/1975,16190109_2708
Avye K. Morrow,(016977) 0552,venenatis@Etiam.net,03/23/1997,16281214_4919
Allegra Tanner,0853 096 4995,nonummy.ac.feugiat@utodio.ca,12/15/1978,16051017_7678
Amity Rasmussen,0500 715377,lorem.semper.auctor@Proinvel.edu,07/03/1972,16900216_1512
Nolan Atkinson,(0113) 646 8981,Curae.Phasellus.ornare@urnaet.edu,04/30/1998,16741120_1424
Athena X. Velasquez,(026) 8409 9524,pellentesque@sedsemegestas.org,09/17/1976,16180729_4192
Hamish Burke,070 4600 7469,dictum.augue@dolor.org,04/29/1969,16221222_3495
Armand X. Moreno,(011530) 42888,sem.vitae@MaurisnullaInteger.com,12/29/1984,16220704_8691
Troy Robles,(01183) 587563,lobortis.nisi.nibh@fringillaporttitorvulputate.com,06/13/1971,16150919_0516
Reagan Perkins,(024) 8634 9598,ultricies.sem.magna@per.org,02/10/1970,16800214_4932
Inez S. Riddle,0944 091 0179,cursus.non@Crasvulputatevelit.co.uk,07/03/1985,16830903_2848